<?xml version="1.0" encoding="utf-8"?><soapenv:Envelope xmlns:soapenv="http://www.w3.org/2003/05/soap-envelope" xmlns:xsd="http://www.w3.org/2001/XMLSchema" xmlns:xsi="http://www.w3.org/2001/XMLSchema-instance"><soapenv:Body><soapenv:Fault><soapenv:Code xmlns:ns1="http://xml.apache.org/axis/"><soapenv:Value>ns1:coe.notAuthorized</soapenv:Value></soapenv:Code><soapenv:Reason><soapenv:Text xml:lang="en">Computador no autorizado a acceder al servicio</soapenv:Text></soapenv:Reason><soapenv:Detail><ns2:exceptionName xmlns:ns2="http://xml.apache.org/axis/">gov.afip.desein.dvadac.sua.view.wsaa.LoginFault</ns2:exceptionName><ns3:hostname xmlns:ns3="http://xml.apache.org/axis/">wsaaext0.homo.afip.gov.ar</ns3:hostname></soapenv:Detail></soapenv:Fault></soapenv:Body></soapenv:Envelope>