<?xml version="1.0" encoding="utf-8"?><soap:Envelope xmlns:soap="http://schemas.xmlsoap.org/soap/envelope/" xmlns:xsi="http://www.w3.org/2001/XMLSchema-instance" xmlns:xsd="http://www.w3.org/2001/XMLSchema"><soap:Header><FEHeaderInfo xmlns="http://ar.gov.afip.dif.FEV1/"><ambiente>HomologacionExterno - efa</ambiente><fecha>2023-01-08T16:42:12.6840497-03:00</fecha><id>5.1.0.0</id></FEHeaderInfo></soap:Header><soap:Body><FECAESolicitarResponse xmlns="http://ar.gov.afip.dif.FEV1/"><FECAESolicitarResult><FeCabResp><Cuit>30718446976</Cuit><PtoVta>1</PtoVta><CbteTipo>6</CbteTipo><FchProceso>20230108164212</FchProceso><CantReg>1</CantReg><Resultado>R</Resultado><Reproceso>N</Reproceso></FeCabResp><FeDetResp><FECAEDetResponse><Concepto>1</Concepto><DocTipo>80</DocTipo><DocNro>20111111112</DocNro><CbteDesde>1</CbteDesde><CbteHasta>1</CbteHasta><CbteFch>20230108</CbteFch><Resultado>R</Resultado><CAE /><CAEFchVto /></FECAEDetResponse></FeDetResp><Errors><Err><Code>10016</Code><Msg>El numero o fecha del comprobante no se corresponde con el proximo a autorizar. Consultar metodo FECompUltimoAutorizado.</Msg></Err></Errors></FECAESolicitarResult></FECAESolicitarResponse></soap:Body></soap:Envelope>
